month,category,ticket_count,percentage
2024-06,Delivery & Shipping,3,100.0
2024-07,Delivery & Shipping,13,100.0
2024-08,Delivery & Shipping,12,85.71
2024-08,Other,2,14.29
2024-09,Delivery & Shipping,26,100.0
2024-10,Delivery & Shipping,24,92.31
2024-10,Other,2,7.69
2024-11,Delivery & Shipping,24,96.0
2024-11,Other,1,4.0
2024-12,Delivery & Shipping,29,90.62
2024-12,Other,3,9.38
2025-01,Delivery & Shipping,85,27.07
2025-01,Other,85,27.07
2025-01,Billing & Payments,31,9.87
2025-01,Returns & Refunds,28,8.92
2025-01,Charging & Battery,22,7.01
2025-01,Connectivity,22,7.01
2025-01,Audio Quality,14,4.46
2025-01,Product Enquiry,8,2.55
2025-01,Warranty & Repair,8,2.55
2025-01,App & Firmware,6,1.91
2025-01,Account & Login,5,1.59
2025-02,Other,107,29.08
2025-02,Delivery & Shipping,98,26.63
2025-02,Billing & Payments,37,10.05
2025-02,Returns & Refunds,36,9.78
2025-02,Charging & Battery,22,5.98
2025-02,Account & Login,14,3.8
2025-02,Audio Quality,14,3.8
2025-02,Connectivity,14,3.8
2025-02,Warranty & Repair,13,3.53
2025-02,Product Enquiry,10,2.72
2025-02,App & Firmware,3,0.82
2025-03,Other,123,26.62
2025-03,Delivery & Shipping,119,25.76
2025-03,Billing & Payments,52,11.26
2025-03,Returns & Refunds,52,11.26
2025-03,Charging & Battery,29,6.28
2025-03,Connectivity,29,6.28
2025-03,Audio Quality,18,3.9
2025-03,Warranty & Repair,18,3.9
2025-03,Account & Login,9,1.95
2025-03,Product Enquiry,8,1.73
2025-03,App & Firmware,5,1.08
2025-04,Other,130,28.95
2025-04,Delivery & Shipping,114,25.39
2025-04,Billing & Payments,52,11.58
2025-04,Returns & Refunds,45,10.02
2025-04,Charging & Battery,32,7.13
2025-04,Connectivity,31,6.9
2025-04,Audio Quality,14,3.12
2025-04,Warranty & Repair,11,2.45
2025-04,Account & Login,7,1.56
2025-04,App & Firmware,7,1.56
2025-04,Product Enquiry,6,1.34
2025-05,Delivery & Shipping,113,26.65
2025-05,Other,110,25.94
2025-05,Returns & Refunds,47,11.08
2025-05,Billing & Payments,33,7.78
2025-05,Connectivity,32,7.55
2025-05,Charging & Battery,25,5.9
2025-05,Warranty & Repair,22,5.19
2025-05,Audio Quality,12,2.83
2025-05,Account & Login,11,2.59
2025-05,App & Firmware,11,2.59
2025-05,Product Enquiry,8,1.89
2025-06,Delivery & Shipping,126,28.7
2025-06,Other,112,25.51
2025-06,Returns & Refunds,52,11.85
2025-06,Billing & Payments,50,11.39
2025-06,Audio Quality,20,4.56
2025-06,Connectivity,20,4.56
2025-06,Charging & Battery,19,4.33
2025-06,Account & Login,12,2.73
2025-06,Warranty & Repair,12,2.73
2025-06,App & Firmware,8,1.82
2025-06,Product Enquiry,8,1.82
2025-07,Other,132,28.57
2025-07,Delivery & Shipping,130,28.14
2025-07,Returns & Refunds,46,9.96
2025-07,Billing & Payments,34,7.36
2025-07,Charging & Battery,33,7.14
2025-07,Connectivity,32,6.93
2025-07,Audio Quality,17,3.68
2025-07,App & Firmware,12,2.6
2025-07,Warranty & Repair,11,2.38
2025-07,Account & Login,8,1.73
2025-07,Product Enquiry,7,1.52
2025-08,Delivery & Shipping,179,25.76
2025-08,Other,169,24.32
2025-08,Returns & Refunds,80,11.51
2025-08,Billing & Payments,79,11.37
2025-08,Charging & Battery,53,7.63
2025-08,Connectivity,44,6.33
2025-08,Audio Quality,27,3.88
2025-08,Warranty & Repair,23,3.31
2025-08,Account & Login,15,2.16
2025-08,App & Firmware,14,2.01
2025-08,Product Enquiry,12,1.73
2025-09,Other,204,30.4
2025-09,Delivery & Shipping,163,24.29
2025-09,Returns & Refunds,72,10.73
2025-09,Billing & Payments,54,8.05
2025-09,Charging & Battery,52,7.75
2025-09,Connectivity,47,7.0
2025-09,Audio Quality,21,3.13
2025-09,Warranty & Repair,20,2.98
2025-09,Account & Login,17,2.53
2025-09,App & Firmware,13,1.94
2025-09,Product Enquiry,8,1.19
2025-10,Other,242,28.57
2025-10,Delivery & Shipping,221,26.09
2025-10,Billing & Payments,87,10.27
2025-10,Returns & Refunds,82,9.68
2025-10,Charging & Battery,62,7.32
2025-10,Connectivity,51,6.02
2025-10,Audio Quality,33,3.9
2025-10,Warranty & Repair,28,3.31
2025-10,Account & Login,15,1.77
2025-10,App & Firmware,14,1.65
2025-10,Product Enquiry,12,1.42
2025-11,Delivery & Shipping,257,27.0
2025-11,Other,250,26.26
2025-11,Returns & Refunds,107,11.24
2025-11,Billing & Payments,101,10.61
2025-11,Charging & Battery,62,6.51
2025-11,Connectivity,58,6.09
2025-11,Audio Quality,34,3.57
2025-11,Warranty & Repair,33,3.47
2025-11,Account & Login,21,2.21
2025-11,Product Enquiry,21,2.21
2025-11,App & Firmware,8,0.84
2025-12,Other,250,28.77
2025-12,Delivery & Shipping,206,23.71
2025-12,Returns & Refunds,91,10.47
2025-12,Charging & Battery,85,9.78
2025-12,Billing & Payments,58,6.67
2025-12,Connectivity,56,6.44
2025-12,Audio Quality,45,5.18
2025-12,Warranty & Repair,31,3.57
2025-12,Account & Login,23,2.65
2025-12,App & Firmware,14,1.61
2025-12,Product Enquiry,10,1.15
2026-01,Other,230,28.33
2026-01,Delivery & Shipping,177,21.8
2026-01,Charging & Battery,81,9.98
2026-01,Returns & Refunds,76,9.36
2026-01,Billing & Payments,74,9.11
2026-01,Connectivity,74,9.11
2026-01,Audio Quality,34,4.19
2026-01,Warranty & Repair,23,2.83
2026-01,Account & Login,22,2.71
2026-01,Product Enquiry,12,1.48
2026-01,App & Firmware,9,1.11
2026-02,Other,206,28.1
2026-02,Delivery & Shipping,168,22.92
2026-02,Billing & Payments,69,9.41
2026-02,Connectivity,62,8.46
2026-02,Returns & Refunds,62,8.46
2026-02,Charging & Battery,61,8.32
2026-02,Audio Quality,29,3.96
2026-02,Warranty & Repair,27,3.68
2026-02,Account & Login,23,3.14
2026-02,App & Firmware,14,1.91
2026-02,Product Enquiry,12,1.64
2026-03,Other,204,26.15
2026-03,Delivery & Shipping,181,23.21
2026-03,Returns & Refunds,79,10.13
2026-03,Charging & Battery,75,9.62
2026-03,Billing & Payments,72,9.23
2026-03,Connectivity,59,7.56
2026-03,Audio Quality,44,5.64
2026-03,Warranty & Repair,25,3.21
2026-03,Account & Login,21,2.69
2026-03,App & Firmware,11,1.41
2026-03,Product Enquiry,9,1.15
2026-04,Other,238,28.61
2026-04,Delivery & Shipping,178,21.39
2026-04,Charging & Battery,91,10.94
2026-04,Connectivity,74,8.89
2026-04,Billing & Payments,73,8.77
2026-04,Returns & Refunds,67,8.05
2026-04,Audio Quality,39,4.69
2026-04,Warranty & Repair,26,3.12
2026-04,Account & Login,20,2.4
2026-04,App & Firmware,14,1.68
2026-04,Product Enquiry,12,1.44
2026-05,Other,218,28.84
2026-05,Delivery & Shipping,171,22.62
2026-05,Charging & Battery,84,11.11
2026-05,Returns & Refunds,69,9.13
2026-05,Billing & Payments,68,8.99
2026-05,Connectivity,55,7.28
2026-05,Audio Quality,36,4.76
2026-05,Warranty & Repair,26,3.44
2026-05,Account & Login,10,1.32
2026-05,Product Enquiry,10,1.32
2026-05,App & Firmware,9,1.19
2026-06,Other,211,27.19
2026-06,Delivery & Shipping,152,19.59
2026-06,Charging & Battery,83,10.7
2026-06,Returns & Refunds,81,10.44
2026-06,Billing & Payments,64,8.25
2026-06,Connectivity,56,7.22
2026-06,Audio Quality,49,6.31
2026-06,Warranty & Repair,31,3.99
2026-06,Account & Login,25,3.22
2026-06,App & Firmware,12,1.55
2026-06,Product Enquiry,12,1.55
